indication,gene,n_cell_lines,mean_score_indication,mean_score_other,delta_mean,dep_frac_indication,dep_frac_other,p_fisher,p_ttest,p_wilcoxon,consensus_type
"AML, NOS",JAK2,4,-0.8710708053034022,0.12915908806124118,-1.0002298933646434,0.75,0.0024916943521594683,0.004846305068406383,2.7725613206298708e-40,5.187792787838884e-05,2-test (N<10)
"AML, NOS",RUNX1,4,-1.507186479767021,-0.007570296157984375,-1.4996161836090365,1.0,0.0340531561461794,0.010005892380893913,1.1031737703054014e-22,0.00024844994430923934,2-test (N<10)
"AML, NOS",GATA1,4,-0.8120294984940304,0.009319476757652686,-0.821348975251683,0.75,0.0049833887043189366,0.010005892380893913,1.7165879814008847e-28,4.855371114055034e-05,2-test (N<10)
Acute Myeloid Leukemia,MYB,23,-1.5550230934777098,-0.3612536116727881,-1.1937694818049218,0.9565217391304348,0.1029535864978903,4.08133442745499e-16,2.886252918283188e-48,2.5231748898234994e-10,3-test
Acute Myeloid Leukemia,CBFB,23,-1.4293143245475866,-0.2528439337182469,-1.1764703908293397,0.9565217391304348,0.16624472573839663,2.3423427767050885e-12,2.132056463060377e-27,9.7111448565876e-09,3-test
Acute Myeloid Leukemia,LMO2,23,-0.517816850332067,0.0031032645876509753,-0.520920114919718,0.4782608695652174,0.010126582278481013,3.945480854219191e-11,4.414246771067602e-39,1.2280874670137216e-08,3-test
Alveolar Rhabdomyosarcoma,PAX3,8,-1.5094563911255472,-0.02675964130379184,-1.4826967498217554,0.875,0.011666666666666667,1.2198317532102173e-08,1.258885991963673e-96,0.001193595057165869,2-test (N<10)
Alveolar Rhabdomyosarcoma,MYOD1,8,-1.442784081232544,-0.022791570124091057,-1.419992511108453,0.75,0.0033333333333333335,1.2198317532102173e-08,5.240802876353905e-91,0.0017701645353358597,2-test (N<10)
Alveolar Rhabdomyosarcoma,QKI,8,-0.7157035476519932,-0.026817973502497545,-0.6888855741494956,0.75,0.005,3.5679419603183116e-08,4.062406431462685e-21,0.0012710466107562388,2-test (N<10)
Alveolar Rhabdomyosarcoma,MYOG,8,-0.8878050632048098,0.031990391668816454,-0.9197954548736262,0.5,0.0,3.52568441891963e-06,2.189207724478777e-80,0.0012040774262501667,2-test (N<10)
Alveolar Rhabdomyosarcoma,SOX8,8,-0.5327862645581116,0.029238410026736238,-0.5620246745848478,0.375,0.0008333333333333334,0.002258788484387843,2.8884961317832604e-21,0.0011707097018296125,2-test (N<10)
Alveolar Rhabdomyosarcoma,DLL1,8,-0.7879045840937113,0.02061024313411625,-0.8085148272278276,0.375,0.0016666666666666668,0.004222042231368074,5.572832123668065e-30,0.012503952969720204,2-test (N<10)
Alveolar Rhabdomyosarcoma,ZBTB18,8,-0.8776624761094466,-0.07141226713370735,-0.8062502089757393,0.5,0.0125,0.005834943608372681,2.3130845953909196e-34,0.3308906227903777,2-test (N<10)
Alveolar Rhabdomyosarcoma,HDAC2,8,-0.7178543804080914,-0.022070255600138006,-0.6957841248079534,0.5,0.019166666666666665,0.023271571052153394,1.7053658729264978e-17,0.03622571526285709,2-test (N<10)
Anaplastic Large-Cell Lymphoma ALK Positive,PTPN2,7,-1.2120367930743652,0.07366492320401019,-1.2857017162783753,0.8571428571428571,0.005828476269775187,5.1649186367635236e-08,2.4849162662714752e-68,7.98021674820451e-09,2-test (N<10)
Anaplastic Large-Cell Lymphoma ALK Positive,BATF3,7,-0.8010831574146976,0.061562999478489505,-0.8626461568931871,0.5714285714285714,0.0016652789342214821,5.454914568194754e-05,6.028925807558821e-57,7.368568533646958e-09,2-test (N<10)
Anaplastic Large-Cell Lymphoma ALK Positive,STAT3,7,-1.4449758457136355,-0.10525797251574308,-1.3397178731978925,0.7142857142857143,0.014154870940882597,0.00011698245559824771,8.156397395990819e-70,8.281861194338188e-09,2-test (N<10)
Anaplastic Large-Cell Lymphoma ALK Positive,SBNO2,7,-0.9236155443970212,-0.012588181743295368,-0.9110273626537259,0.5714285714285714,0.005828476269775187,0.00047525555456816787,2.010166231929779e-24,1.5039488259943347e-08,2-test (N<10)
Anaplastic Large-Cell Lymphoma ALK Positive,CCND3,7,-1.3943593266641214,-0.34176512109905716,-1.0525942055650643,1.0,0.12156536219816819,0.0014210251950419585,2.9268987556622555e-11,0.00012596111061449614,2-test (N<10)
Anaplastic Large-Cell Lymphoma ALK Positive,IKZF1,7,-0.7628689203579003,0.03305449465067409,-0.7959234150085744,0.5714285714285714,0.01498751040799334,0.007360327230410358,1.5010778990672766e-28,0.0021695206065364576,2-test (N<10)
Anaplastic Large-Cell Lymphoma ALK Positive,PTPN1,7,-1.0462151352543367,-0.17385342428244532,-0.8723617109718914,0.7142857142857143,0.0466278101582015,0.01250151025995304,9.016431855095334e-15,0.00016713539795199013,2-test (N<10)
Anaplastic Large-Cell Lymphoma ALK Positive,ATP1B3,7,-1.4926346266616808,-0.39356032805277624,-1.0990742986089046,1.0,0.1806827643630308,0.014281157019098448,1.992244633363282e-11,0.0006383825094393733,2-test (N<10)
"Astrocytoma, IDH-Mutant",RPP25L,16,-1.1207073931860185,-0.4597238293785316,-0.6609835638074869,0.875,0.27768456375838924,0.023449884913679817,1.1237954496692855e-05,0.010385157302900818,3-test
Atypical Teratoid/Rhabdoid Tumor,SMARCD1,16,-0.8165117961118612,-0.20796046800610288,-0.6085513281057583,0.875,0.09395973154362416,1.6922501672466993e-08,1.9621800071039503e-12,3.7499645095133474e-05,3-test
Atypical Teratoid/Rhabdoid Tumor,ZMYM3,16,-0.6264752443040629,-0.1392719883390939,-0.48720325596496894,0.5625,0.028523489932885907,2.2554670364087765e-06,1.371988858289458e-13,4.07554743661775e-05,3-test
Atypical Teratoid/Rhabdoid Tumor,NABP2,16,-0.6349103973119832,-0.15067886483865076,-0.4842315324733324,0.5,0.016778523489932886,2.2554670364087765e-06,7.303024045272882e-22,0.0001448837765246695,3-test
B-Cell Acute Lymphoblastic Leukemia,EBF1,13,-1.3462952838931581,-0.10111919717133208,-1.245176086721826,1.0,0.03598326359832636,1.9828093923783246e-14,1.0303402992855497e-51,9.758536095527198e-06,3-test
B-Cell Acute Lymphoblastic Leukemia,PAX5,13,-0.8742345779346326,-0.07945489296464726,-0.7947796849699853,0.8461538461538461,0.027615062761506277,1.82402979621244e-11,2.656568295724805e-38,9.758536095527198e-06,3-test
B-Cell Acute Lymphoblastic Leukemia,RUNX1,13,-0.8681204977244165,-0.00322829792708272,-0.8648921997973338,0.7692307692307693,0.029288702928870293,2.206152799239573e-09,1.1916607601650282e-24,9.758536095527198e-06,3-test
B-Cell Acute Lymphoblastic Leukemia,MYB,13,-1.6057765406139917,-0.37069118489896175,-1.2350853557150299,1.0,0.1096234309623431,2.207701838588675e-09,5.09629801660654e-28,9.758536095527198e-06,3-test
B-Cell Acute Lymphoblastic Leukemia,CCND3,13,-1.3648782726412956,-0.3368008436671796,-1.028077428974116,1.0,0.11715481171548117,4.185073002932839e-09,1.9766905431345758e-21,9.758536095527198e-06,3-test
Bladder Urothelial Carcinoma,SOX4,30,-0.2619186675830092,-0.017415362551407448,-0.24450330503160175,0.2,0.007640067911714771,0.010614254687368197,1.0430078526238815e-09,0.016842722773020014,3-test
Burkitt Lymphoma,PAX5,5,-0.9968949749308577,-0.08423040044160382,-0.9126645744892539,1.0,0.032418952618453865,0.0009086192416758588,9.813059451641405e-18,6.45063036454247e-05,2-test (N<10)
Burkitt Lymphoma,CYB561A3,5,-0.8307859030473637,-0.0933257024670509,-0.7374602005803128,0.8,0.010806317539484621,0.0010652955034282476,7.521336066605507e-21,4.1812492092481725e-05,2-test (N<10)
Burkitt Lymphoma,MEF2B,5,-0.7851088768380458,-0.1617671309041585,-0.6233417459338872,0.8,0.014131338320864505,0.0011921639189704483,1.3150333372789928e-14,4.870977608287176e-05,2-test (N<10)
Burkitt Lymphoma,SYNJ1,5,-0.37062667575937897,0.08179490257848168,-0.4524215783378607,0.4,0.0,0.028755002435753553,1.1985742034619605e-10,0.33871247788750974,2-test (N<10)
Cervical Squamous Cell Carcinoma,ZER1,13,-1.1750521673884684,-0.1296780186370085,-1.0453741487514598,0.9230769230769231,0.009205020920502092,1.624360392832907e-17,8.022860692986547e-80,0.00041269229617652535,3-test
Cervical Squamous Cell Carcinoma,UBE3A,13,-0.7888822169281677,-0.08407987894472951,-0.7048023379834383,0.8461538461538461,0.009205020920502092,2.5149092621086503e-15,2.0399011580860927e-43,0.00038136734015873535,3-test
Chronic Lymphocytic Leukemia/Small Lymphocytic Lymphoma,CDKN2AIP,4,-0.8893397352164665,-0.10715740142232602,-0.7821823337941405,1.0,0.016611295681063124,0.0010703977895839998,4.4505379955287004e-12,3.9084730129737615e-05,2-test (N<10)
Chronic Lymphocytic Leukemia/Small Lymphocytic Lymphoma,ITSN2,4,-0.7991078090168984,-0.013450927695905007,-0.7856568813209933,1.0,0.015780730897009966,0.0010703977895839998,5.7122389292640615e-15,0.00051844349931542,2-test (N<10)
Chronic Lymphocytic Leukemia/Small Lymphocytic Lymphoma,RBPJ,4,-1.1177962311390135,-0.11358734837846028,-1.0042088827605533,1.0,0.020764119601328904,0.0015950196311192418,4.4522549564983896e-17,0.00012813344516759344,2-test (N<10)
Chronic Lymphocytic Leukemia/Small Lymphocytic Lymphoma,LRWD1,4,-0.7050749592097252,-0.17270403089131103,-0.5323709283184141,0.75,0.005813953488372093,0.0058010604090498194,4.4505379955287004e-12,0.001086112268708327,2-test (N<10)
Chronic Lymphocytic Leukemia/Small Lymphocytic Lymphoma,BATF,4,-0.5494316935481764,0.021424525746654446,-0.5708562192948309,0.75,0.006644518272425249,0.006642893114447288,3.9744969178292174e-14,0.005948669063388587,2-test (N<10)
Chronic Lymphocytic Leukemia/Small Lymphocytic Lymphoma,EBF1,4,-1.3158982118882618,-0.11052797878970089,-1.205370233098561,1.0,0.04318936877076412,0.008221896064920579,5.54182221780711e-13,0.0020187061644328396,2-test (N<10)
Chronic Lymphocytic Leukemia/Small Lymphocytic Lymphoma,SH3GL1,4,-1.3995668786066544,-0.19292321611858876,-1.2066436624880656,1.0,0.04235880398671096,0.008221896064920579,4.4522549564983896e-17,0.0004071661834649471,2-test (N<10)
"Chronic Myeloid Leukemia, BCR-ABL1+",ABL1,10,-1.37875855209393,-0.016302346261596486,-1.3624562058323335,0.9,0.00333889816360601,4.327194914177535e-15,4.107081361667253e-107,0.0036574826383365096,3-test
"Chronic Myeloid Leukemia, BCR-ABL1+",BCR,10,-1.1621333674746848,0.05734496657942262,-1.2194783340541073,0.8,0.0,4.327194914177535e-15,1.45716187042946e-122,0.000569502196013992,3-test
"Chronic Myeloid Leukemia, BCR-ABL1+",STAT5B,10,-0.9042937725507768,-0.16855285158847336,-0.7357409209623035,0.7,0.012520868113522538,1.603982475369188e-07,9.909637574739195e-43,0.004627473271542915,3-test
"Chronic Myeloid Leukemia, BCR-ABL1+",GAB2,10,-1.2325061002806255,-0.18707816114243006,-1.0454279391381953,0.8,0.028380634390651086,2.042491041657256e-07,1.962329208117413e-53,0.000569502196013992,3-test
Clear Cell Ovarian Cancer,PAX8,8,-1.2926372304561264,-0.1791995807713749,-1.1134376496847516,0.75,0.06166666666666667,0.026722250598438756,4.358463892040975e-17,0.06567253058360138,2-test (N<10)
Clear Cell Ovarian Cancer,MECOM,8,-0.5501133443551693,0.023026142149407392,-0.5731394865045767,0.5,0.0125,0.026722250598438756,1.223782181772672e-11,0.484825378013407,2-test (N<10)
Clear Cell Ovarian Cancer,KIDINS220,8,-0.9200591454539463,-0.0717843095830347,-0.8482748358709116,0.625,0.03833333333333333,0.0338806528910013,5.6832163811978215e-18,0.16297008215738443,2-test (N<10)
Colon Adenocarcinoma,CTNNB1,48,-1.2628931888483816,-0.20524295367808476,-1.0576502351702968,0.75,0.07155172413793104,1.4355358343567735e-24,2.44330300965995e-78,2.967212277464171e-15,3-test
Colon Adenocarcinoma,TCF7L2,48,-0.7108499420429318,-0.07841131977709345,-0.6324386222658384,0.625,0.039655172413793106,5.66849794240701e-23,3.856164110909409e-54,1.5980187867426655e-12,3-test
Colon Adenocarcinoma,KLF5,48,-0.9532274753570675,-0.3783529723395058,-0.5748745030175617,0.5833333333333334,0.20172413793103447,4.8722629606880505e-05,1.9397539014028563e-15,1.2264979931040302e-07,3-test
Cutaneous Melanoma,SOX10,8,-1.5914638504574876,-0.38610030819332586,-1.2053635422641618,1.0,0.09416666666666666,0.00014925641264466896,9.28234923003183e-11,1.4181523345094861e-05,2-test (N<10)
"Diffuse Large B-Cell Lymphoma, NOS",EBF1,16,-1.3870404063320374,-0.09743845034315461,-1.2896019559888827,0.9375,0.034395973154362415,3.78301751994414e-16,5.999341897420968e-71,2.3544113595288815e-07,3-test
"Diffuse Large B-Cell Lymphoma, NOS",PAX5,16,-0.9971596015541321,-0.07580460820556843,-0.9213549933485636,0.8125,0.026006711409395974,1.3798113936572585e-13,1.359647004908312e-67,3.145825788372092e-06,3-test
"Diffuse Large B-Cell Lymphoma, NOS",SH3GL1,16,-1.2383102158907733,-0.18294031566019722,-1.055369900230576,0.8125,0.03523489932885906,1.8782242361509884e-12,3.524755491340463e-61,4.823892216380156e-07,3-test
"Diffuse Large B-Cell Lymphoma, NOS",CYB561A3,16,-0.6852832474877715,-0.08847333693229421,-0.5968099105554773,0.5,0.007550335570469799,6.048615828781121e-09,5.428993680026167e-49,4.724875657874044e-06,3-test
Endometrial Carcinoma,PAX8,20,-0.7903014498790601,-0.17640956714791048,-0.6138918827311497,0.65,0.0563973063973064,1.7150549038543218e-07,8.89698959671908e-12,0.0013656603805715952,3-test
Esophageal Squamous Cell Carcinoma,TIMM17A,24,-0.8082108132104938,-0.3244619922445543,-0.4837488209659395,0.6666666666666666,0.125,3.368081583983987e-05,3.2411584564171613e-10,0.0002603782594609205,3-test
Esophageal Squamous Cell Carcinoma,ADAR,24,-0.9860092273383995,-0.48622605279613057,-0.4997831745422689,0.7916666666666666,0.3015202702702703,0.009852318899284646,2.766576693129292e-06,0.0003268333206502333,3-test
Ewing Sarcoma,FLI1,28,-1.1129333378406694,-0.0625334523316295,-1.05039988550904,0.7142857142857143,0.02457627118644068,8.731733509041669e-20,5.53073041198454e-97,4.076269616983161e-11,3-test
Ewing Sarcoma,TRIM8,28,-0.748513764229385,-0.01946521502052303,-0.729048549208862,0.4642857142857143,0.002542372881355932,1.0627359169096482e-16,2.6220205154794594e-87,6.986890646821363e-12,3-test
Ewing Sarcoma,ETV6,28,-0.4613738799588,0.007938127927226259,-0.4693120078860263,0.39285714285714285,0.002542372881355932,2.413822574807379e-13,3.4705024019289772e-40,2.5365957981336205e-08,3-test
Ewing Sarcoma,STAG1,28,-0.852707183686993,-0.15650780695093922,-0.6961993767360538,0.5,0.038135593220338986,7.933971385239502e-09,7.433458788341846e-39,2.8150146099658513e-10,3-test
"Glioblastoma, IDH-Wildtype",CTDNEP1,50,-0.7877661880265613,-0.43936099537042206,-0.34840519265613923,0.8,0.24352331606217617,2.0516765325642926e-11,2.0177288995191493e-16,5.0516326470153326e-11,3-test
"Glioblastoma, IDH-Wildtype",PRKAR1A,50,-0.6319659372521951,-0.18098362387351447,-0.4509823133786806,0.54,0.09153713298791019,1.2563844278301073e-10,1.0656226698280866e-22,2.427159924787986e-13,3-test
"Glioblastoma, IDH-Wildtype",RPP25L,50,-0.9743036815014549,-0.4466381164379217,-0.5276655650635331,0.78,0.26424870466321243,1.0238746807545294e-09,1.1265064057681548e-13,6.087063274264234e-11,3-test
"Glioblastoma, IDH-Wildtype",JUN,50,-0.6757599231236397,-0.26703710149790133,-0.4087228216257384,0.52,0.12089810017271158,1.8776462889900823e-07,2.478941100125948e-16,1.5917245787448642e-10,3-test
"Glioblastoma, IDH-Wildtype",LMNA,50,-0.5775642722924712,-0.22841772581993675,-0.34914654647253446,0.38,0.05699481865284974,2.860142551345813e-07,1.8550831143975215e-19,7.706123640563001e-09,3-test
"Glioblastoma, IDH-Wildtype",FERMT2,50,-1.2070389121757024,-0.6672149808523244,-0.5398239313233779,0.86,0.4231433506044905,1.0728248930065773e-06,2.0861858100252126e-07,3.394678061465576e-07,3-test
Hepatocellular Carcinoma,XYLT2,21,-0.64694058622655,-0.3348650859012923,-0.3120755003252577,0.5714285714285714,0.11878685762426285,0.02143248174983025,3.54178876779713e-05,0.08380522463649295,3-test
High-Grade Serous Ovarian Cancer,PAX8,18,-0.944955404683341,-0.17510201469327624,-0.7698533899900648,0.6111111111111112,0.05798319327731093,2.1362267097680385e-05,6.272936703989445e-18,0.0050264328182474454,3-test
"Immortalized Epithelial Cells, Prostate",UBE3A,4,-0.8896184890165824,-0.08901366295926214,-0.8006048260573202,1.0,0.014950166112956811,0.0014737360871084054,6.0923061894299e-15,0.0004889620619838826,2-test (N<10)
"Immortalized Epithelial Cells, Retinal",WDR89,5,-1.1485584139468126,-0.16304049504454385,-0.9855179189022687,1.0,0.020781379883624274,0.00011922904219329872,5.75311967483851e-31,6.433913901635491e-07,2-test (N<10)
"Immortalized Epithelial Cells, Retinal",HMGXB3,5,-0.6835172986023823,-0.1181216217371162,-0.5653956768652662,0.8,0.011637572734829594,0.0015268907578494598,1.3635553792737423e-08,8.686417238203245e-05,2-test (N<10)
"Immortalized Epithelial Cells, Retinal",GNL1,5,-0.6605061407258744,-0.2111438709903204,-0.44936226973555404,0.8,0.014131338320864505,0.0019869398649507474,1.9077751428034114e-08,0.00013798266017118858,2-test (N<10)
Invasive Breast Carcinoma,FOXA1,19,-1.2795950449002211,-0.15222061756487654,-1.1273744273353445,0.631578947368421,0.03280067283431455,6.066145022049837e-09,6.082950081113272e-54,0.009391717598132438,3-test
Invasive Breast Carcinoma,SPDEF,19,-0.7068564468344005,0.05400179644946472,-0.7608582432838652,0.42105263157894735,0.00672834314550042,7.432818328106275e-08,1.8190562782941783e-52,0.0201703187261302,3-test
Invasive Breast Carcinoma,GRHL2,19,-0.6154731377061294,-0.15960265336421642,-0.455870484341913,0.47368421052631576,0.060555088309503784,0.004228891505039724,3.8769001929455295e-11,0.05115801952622448,3-test
Invasive Breast Carcinoma,GATA3,19,-0.6239531519705108,-0.13983728180903282,-0.484115870161478,0.42105263157894735,0.04205214465937763,0.004228891505039724,5.28631278688262e-11,0.05115801952622448,3-test
Lung Adenocarcinoma,UXS1,53,-0.8080484979485271,-0.4110606892325787,-0.39698780871594835,0.6226415094339622,0.2,1.0511275259500493e-06,1.0475006335612597e-09,0.00025047279410072247,3-test
Melanoma,BRAF,55,-1.1779466889156747,-0.1320109825866066,-1.0459357063290682,0.7818181818181819,0.03816131830008673,2.544262383484134e-39,4.291813653220695e-119,1.8131295359125135e-21,3-test
Melanoma,SOX10,55,-1.7378590966439835,-0.32998250678250807,-1.4078765898614756,0.8545454545454545,0.06418039895923677,5.578449557582176e-39,1.826838644091131e-148,1.9763832454602586e-21,3-test
Melanoma,DUSP4,55,-0.7972728688152434,-0.010247967570044732,-0.7870249012451986,0.5454545454545454,0.02515177797051171,6.230288592426084e-25,7.120150153032788e-83,8.35284769643241e-18,3-test
Melanoma,MAPK1,55,-0.8561598185548788,-0.17100357739877028,-0.6851562411561085,0.6545454545454545,0.055507372072853424,6.230288592426084e-25,1.0796764154296709e-52,9.595642640081516e-16,3-test
Melanoma,ZEB2,55,-0.8221039025063275,-0.33593748979104787,-0.4861664127152796,0.6727272727272727,0.12749349522983522,1.0259815146064904e-15,7.084387169926635e-26,4.9945959999879896e-12,3-test
Melanoma,PPP2R2A,55,-0.7139681911538397,-0.22296190048776482,-0.4910062906660749,0.6,0.11014744145706852,1.3834862648476704e-13,1.088448334031968e-24,1.466437065645063e-16,3-test
Melanoma,PEA15,55,-0.38426477409768856,-0.03280522831664058,-0.351459545781048,0.2545454545454545,0.006071118820468344,5.452583946268231e-12,1.2577554879183065e-40,1.5466516602952293e-11,3-test
Neuroblastoma,ISL1,41,-0.8341712086198431,-0.03219005824642438,-0.8019811503734187,0.6097560975609756,0.003427592116538132,7.573300307372596e-33,3.03167242387397e-126,6.245355829735503e-13,3-test
Neuroblastoma,HAND2,41,-0.4847714831663288,0.06677597429617856,-0.5515474574625073,0.36585365853658536,0.0,4.901399324423931e-20,7.986462605506949e-116,1.8677008750345853e-18,3-test
Neuroblastoma,LDB1,41,-0.901683114895063,-0.25780110064975625,-0.6438820142453068,0.7317073170731707,0.09511568123393316,2.1654218591517665e-17,6.513467068906822e-31,6.245355829735503e-13,3-test
Neuroblastoma,GATA3,41,-0.7031754864368767,-0.1279275432857479,-0.5752479431511288,0.43902439024390244,0.03427592116538132,2.7409834220712997e-11,4.906211001041652e-38,2.8614918590702103e-11,3-test
Oral Cavity Squamous Cell Carcinoma,TP63,53,-0.6965231375142267,-0.056319763449077534,-0.6402033740651492,0.6415094339622641,0.05541125541125541,1.4496991687376941e-22,2.0156993627122852e-47,1.2443461332498515e-16,3-test
Oral Cavity Squamous Cell Carcinoma,ITGB1,53,-0.7286617069634085,-0.18323535958872345,-0.545426347374685,0.6037735849056604,0.10909090909090909,7.824658983808464e-13,3.85485850216468e-21,9.085019232068825e-13,3-test
Oral Cavity Squamous Cell Carcinoma,EGFR,53,-0.7372293523733282,-0.21438785457793239,-0.5228414977953958,0.5471698113207547,0.11861471861471862,2.738680714266614e-09,5.930481510559332e-21,1.7246662756735835e-12,3-test
Oral Cavity Squamous Cell Carcinoma,SNAI2,53,-0.4078742933826447,-0.09123947492770304,-0.3166348184549417,0.3584905660377358,0.04329004329004329,2.3489062768314836e-08,8.587373980067555e-14,5.464119837566408e-10,3-test
Oral Cavity Squamous Cell Carcinoma,EDF1,53,-0.4144734033979364,-0.0800789127348395,-0.3343944906630969,0.2641509433962264,0.01818181818181818,6.936584118561035e-08,1.973611479196906e-20,1.70533322945584e-09,3-test
Osteosarcoma,SUB1,25,-0.4387825777754341,-0.09683663531445841,-0.3419459424609757,0.32,0.01944209636517329,0.001067499259602341,3.5407628715737074e-11,0.00019824254134696138,3-test
Pancreatic Adenocarcinoma,KRAS,46,-2.1903890777268877,-0.6668874836500048,-1.5235015940768828,0.9347826086956522,0.3855421686746988,3.3556232185899777e-10,1.9339479875410517e-57,1.8981897922418245e-17,3-test
Pancreatic Adenocarcinoma,DOCK5,46,-0.49129112509719475,-0.07887891523259279,-0.412412209864602,0.3695652173913043,0.027538726333907058,7.914793845036433e-10,1.6459966555393084e-27,8.401456346919199e-10,3-test
Pancreatic Adenocarcinoma,RAB10,46,-0.9542635625600431,-0.47297598174906547,-0.4812875808109776,0.7391304347826086,0.29862306368330466,9.774778409917417e-06,2.2643931923886046e-11,8.166051119653396e-08,3-test
Pancreatic Adenocarcinoma,ID1,46,-0.25927415812995774,-0.02309684645662894,-0.2361773116733288,0.15217391304347827,0.006024096385542169,0.0007560910389570721,3.126747423890589e-15,8.555852286110834e-06,3-test
Plasma Cell Myeloma,IRF4,19,-2.097269547509156,-0.1539485846712932,-1.943320962837863,1.0,0.04878048780487805,1.7613294201274846e-20,3.9728859214107347e-103,2.0375630027949555e-09,3-test
Plasma Cell Myeloma,POU2AF1,19,-1.1623864030578337,-0.02872259049570806,-1.1336638125621257,0.7368421052631579,0.02691337258200168,7.349641652091176e-14,3.7206498944350296e-65,3.3467649628569572e-09,3-test
Plasma Cell Myeloma,NFKB1,19,-0.5835880506978235,0.03457502868178388,-0.6181630793796073,0.42105263157894735,0.00336417157275021,5.908453695701502e-10,5.994616195527663e-51,1.1561822012932199e-07,3-test
"Pleural Mesothelioma, Epithelioid Type",FGFR1,15,-0.9289100571742794,-0.174875569949139,-0.7540344872251404,0.6666666666666666,0.08549874266554904,0.0011502382687159393,1.016202267192786e-12,0.0018096101552672514,3-test
"Pleural Mesothelioma, Epithelioid Type",EXT2,15,-0.6393939602206618,-0.22078753350188451,-0.41860642671877724,0.6,0.07376362112321877,0.002881391745733336,1.1090591523174506e-07,0.003461747758132012,3-test
"Pleural Mesothelioma, Epithelioid Type",XYLT2,15,-0.7222325044321678,-0.33548794778634455,-0.38674455664582325,0.6666666666666666,0.11986588432523052,0.008189539162441892,1.3908254889919597e-06,0.019469885220655906,3-test
Rectal Adenocarcinoma,CTNNB1,12,-0.929627728113656,-0.24042238009526484,-0.6892053480183912,0.6666666666666666,0.09280936454849498,0.044954677728602406,4.995396391238081e-06,0.049009127467171724,3-test
Renal Clear Cell Carcinoma,PAX8,16,-1.3512824504373775,-0.17093966070662822,-1.1803427897307492,0.875,0.05536912751677853,1.94768612526284e-11,5.963177794851239e-42,8.374089444909345e-07,3-test
Renal Clear Cell Carcinoma,HNF1B,16,-1.7372172688786693,-0.26259780210617173,-1.4746194667724977,0.875,0.09312080536912752,7.333996395580264e-09,7.541558275326575e-36,8.374089444909345e-07,3-test
Renal Clear Cell Carcinoma,CDH2,16,-0.6983542252115339,-0.13598949078264608,-0.5623647344288878,0.6875,0.05620805369127517,8.155594466193807e-07,9.539336311114632e-13,4.727578488639352e-05,3-test
Renal Clear Cell Carcinoma,PARD3,16,-0.6532727954976454,-0.10726218367455968,-0.5460106118230857,0.5,0.040268456375838924,0.000558119768612182,1.80339028130424e-15,4.727578488639352e-05,3-test
Renal Clear Cell Carcinoma,UNC50,16,-1.0897076064521052,-0.49944847944180276,-0.5902591270103024,0.9375,0.30033557046979864,0.0006233945369063258,3.609922847069794e-10,0.0001830665773409934,3-test
Renal Clear Cell Carcinoma,PARD6B,16,-0.8403024422756354,-0.2094263849615183,-0.6308760573141171,0.625,0.09144295302013423,0.000740123236971561,1.1306212683241044e-12,6.713408541026478e-05,3-test
Serous Ovarian Cancer,PAX8,16,-0.930566250901544,-0.17658685801583404,-0.7539793928857099,0.6875,0.057885906040268456,3.269094783591422e-06,7.229960115212765e-15,0.0002580444221844467,3-test
Small Cell Lung Cancer,CCNE2,25,-0.4118579511641146,-0.06597789643150527,-0.34588005473260935,0.28,0.0084530853761623,6.870294174096885e-05,1.0527195224721885e-18,1.8129704765911313e-06,3-test
Small Cell Lung Cancer,E2F3,25,-0.9465782922809953,-0.3860681777797533,-0.5605101145012421,0.68,0.16737109044801352,0.00013392046302802116,2.9851866307756934e-14,1.8698708756081297e-05,3-test
Small Cell Lung Cancer,SOX4,25,-0.27588157622028325,-0.018153692060474357,-0.2577278841598089,0.2,0.0084530853761623,0.01717355306378089,1.7017548319265114e-09,0.0001856661676260058,3-test
Synovial Sarcoma,SS18,5,-0.6078203232504807,0.04219801752582183,-0.6500183407763026,0.6,0.004156275976724855,0.03377633785094459,4.39533505550023e-10,0.34391253991906334,2-test (N<10)
T-Cell Acute Lymphoblastic Leukemia,PSEN1,8,-0.47699183970298137,-0.057864429364201594,-0.41912741033877976,0.5,0.0016666666666666668,0.0002179060656679025,6.78851820274738e-14,0.07494476186848932,2-test (N<10)
T-Cell Acute Lymphoblastic Leukemia,SMARCC1,8,-0.7473831408274041,-0.2273954981597523,-0.5199876426676517,0.75,0.055,0.00858365669050318,2.3764230204327876e-08,0.00010627644022979261,2-test (N<10)
T-Cell Acute Lymphoblastic Leukemia,MYB,8,-1.506720728095138,-0.3764977459645667,-1.1302229821305714,0.875,0.11416666666666667,0.009953487884169053,3.8310163134258893e-13,9.492493510373194e-05,2-test (N<10)
T-Cell Acute Lymphoblastic Leukemia,NOTCH1,8,-0.38645225198151956,-0.0015193976848129757,-0.3849328542967066,0.375,0.0016666666666666668,0.009953487884169053,6.78851820274738e-14,0.20854635204082572,2-test (N<10)
Uveal Melanoma,RASGRP3,8,-0.600063105998254,0.004067725228924765,-0.6041308312271787,0.5,0.0025,0.0004896683458561505,1.0230568477076391e-30,0.18007435564035065,2-test (N<10)
Uveal Melanoma,MITF,8,-0.863017626680993,-0.06612036992893616,-0.7968972567520569,0.625,0.016666666666666666,0.0011936153940520784,6.529778469871447e-27,5.923378081183531e-07,2-test (N<10)
Uveal Melanoma,RIC8A,8,-1.0782627124464552,-0.020016546074881344,-1.0582461663715739,0.75,0.04583333333333333,0.0019962394073446362,7.977751705997088e-19,1.376290208980866e-06,2-test (N<10)
